name,email,password
Ana Silva,ana.silva01@example.com,Senha123!01
Bruno Oliveira,bruno.oliveira02@example.com,Senha123!02
Carla Souza,carla.souza03@example.com,Senha123!03
Daniel Pereira,daniel.pereira04@example.com,Senha123!04
Eduardo Costa,eduardo.costa05@example.com,Senha123!05
Fernanda Almeida,fernanda.almeida06@example.com,Senha123!06
Gabriela Rodrigues,gabriela.rodrigues07@example.com,Senha123!07
Henrique Martins,henrique.martins08@example.com,Senha123!08
Isabela Rocha,isabela.rocha09@example.com,Senha123!09
Joao Fernandes,joao.fernandes10@example.com,Senha123!10
Karen Ramos,karen.ramos11@example.com,Senha123!11
Lucas Lima,lucas.lima12@example.com,Senha123!12
Mariana Gomes,mariana.gomes13@example.com,Senha123!13
Natalia Ribeiro,natalia.ribeiro14@example.com,Senha123!14
Otavio Duarte,otavio.duarte15@example.com,Senha123!15
Patricia Mendes,patricia.mendes16@example.com,Senha123!16
Ricardo Barbosa,ricardo.barbosa17@example.com,Senha123!17
Sofia Castro,sofia.castro18@example.com,Senha123!18
Thiago Nascimento,thiago.nascimento19@example.com,Senha123!19
Vanessa Cardoso,vanessa.cardoso20@example.com,Senha123!20
Wallace Araujo,wallace.araujo21@example.com,Senha123!21
Ximena Monteiro,ximena.monteiro22@example.com,Senha123!22
Yuri Carvalho,yuri.carvalho23@example.com,Senha123!23
Zelia Freitas,zelia.freitas24@example.com,Senha123!24
Alberto Pires,alberto.pires25@example.com,Senha123!25
Bianca Teixeira,bianca.teixeira26@example.com,Senha123!26
Caio Moreira,caio.moreira27@example.com,Senha123!27
Debora Vasconcelos,debora.vasconcelos28@example.com,Senha123!28
Elias Santana,elias.santana29@example.com,Senha123!29
Fabiana Pinto,fabiana.pinto30@example.com,Senha123!30
Gustavo Azevedo,gustavo.azevedo31@example.com,Senha123!31
Heloisa Leal,heloisa.leal32@example.com,Senha123!32
Igor Cunha,igor.cunha33@example.com,Senha123!33
Juliana Nogueira,juliana.nogueira34@example.com,Senha123!34
Kleber Reis,kleber.reis35@example.com,Senha123!35
Larissa Faria,larissa.faria36@example.com,Senha123!36
Marcelo Coelho,marcelo.coelho37@example.com,Senha123!37
Natalia Braga,natalia.braga38@example.com,Senha123!38
Orlando Mota,orlando.mota39@example.com,Senha123!39
Priscila Sampaio,priscila.sampaio40@example.com,Senha123!40
Rafael Paiva,rafael.paiva41@example.com,Senha123!41
Sabrina Macedo,sabrina.macedo42@example.com,Senha123!42
Tadeu Rios,tadeu.rios43@example.com,Senha123!43
Ursula Correia,ursula.correia44@example.com,Senha123!44
Vinicius Queiroz,vinicius.queiroz45@example.com,Senha123!45
Wanda Barros,wanda.barros46@example.com,Senha123!46
Xavier Lopes,xavier.lopes47@example.com,Senha123!47
Yara Guimaraes,yara.guimaraes48@example.com,Senha123!48
Zeca Santana,zeca.santana49@example.com,Senha123!49
Ana Paula Duarte,ana.paula50@example.com,Senha123!50
